1,"http://google.com",200,2542,0.00000,0,""
2,"http://www.openbsd.org/goals.html",200,140,0.08313,0,"text/html"
3,"http://www.openbsd.org/plat.html",200,139,0.08144,0,"text/html"
4,"http://www.openbsd.org/security.html",200,143,0.14643,0,"text/html"
5,"http://www.openbsd.org/crypto.html",200,141,0.15620,0,"text/html"
6,"http://www.openbsd.org/events.html",200,141,0.54913,0,"text/html"
7,"http://www.openbsd.org/papers/",200,137,0.17024,0,"text/html"
8,"http://www.openbsd.org/press.html",200,140,0.48266,0,"text/html"
9,"http://www.openbsd.org/orders.html",200,141,0.09064,0,"text/html"
10,"http://www.openbsd.org/ftp.html",200,138,0.15708,0,"text/html"
11,"http://www.openbsd.org/anoncvs.html",200,142,0.09774,0,"text/html"
12,"http://www.openbsd.org/cvsync.html",200,141,0.08592,0,"text/html"
13,"http://cvsweb.openbsd.org/cgi-bin/cvsweb/",200,281,0.41994,1,"text/html"
14,"http://www.openbsd.org/plus.html",200,139,0.14525,0,"text/html"
15,"http://www.openbsd.org/faq/index.html",200,144,0.17399,0,"text/html"
16,"http://www.openbsd.org/cgi-bin/man.cgi",200,145,0.11069,0,"text/html; charset=utf-8"
17,"http://www.openbsd.org/errata57.html",200,143,0.09089,0,"text/html"
18,"http://www.openbsd.org/report.html",200,141,0.08691,0,"text/html"
19,"http://www.openbsd.org/mail.html",200,139,0.09320,0,"text/html"
20,"http://www.openbsd.org/lyrics.html",200,141,0.25531,0,"text/html"
21,"http://www.openbsd.org/support.html",200,142,1.66358,0,"text/html"
22,"http://www.openbsd.org/donations.html",200,144,1.21645,0,"text/html"
23,"http://www.openbsdfoundation.org/",200,140,0.67905,0,"text/html"
24,"http://www.openbsd.org/art1.html",200,139,0.07186,0,"text/html"
25,"http://www.openssh.com/",200,130,1.79488,0,"text/html"
26,"http://www.openbsd.org/57.html",200,137,0.59347,0,"text/html"
27,"http://www.openbsd.org/58.html",200,137,0.40421,0,"text/html"
28,"http://www.openbsd.org/hackathons.html",200,145,0.22947,0,"text/html"
29,"http://www.openbsdfoundation.org/",200,140,0.08944,0,"text/html"
30,"http://www.openbsd.org/policy.html",200,141,0.18436,0,"text/html"
31,"http://www.openbgpd.org/",200,131,0.88462,0,"text/html"
32,"http://www.openntpd.org/",200,131,0.74459,0,"text/html"
33,"https://www.opensmtpd.org/",200,264,1.12403,1,"text/html"
34,"http://www.openiked.org/",200,131,0.16569,0,"text/html; charset=utf-8"
35,"http://mdocml.bsd.lv/",200,128,0.60892,0,"text/html"
36,"http://www.libressl.org/",200,131,0.51885,0,"text/html"
37,"http://openbsd.md5.com.ar/",200,133,0.71395,0,"text/html"
38,"http://www.openbsd.org/",200,130,0.17214,0,"text/html"
39,"http://openbsd.comstyle.com/",200,135,0.40357,0,"text/html"
40,"http://www.openbsd.dk/",200,129,0.48877,0,"text/html"
41,"http://www.openbsd.org.my/",200,133,2.26638,0,"text/html"
42,"http://openbsd.aise.re/",200,130,1.40715,0,"text/html"
43,"http://www.obsd.si/",200,126,0.64161,0,"text/html"
44,"http://www.openbsd.org/images/rack2009.jpg",200,149,21.43072,0,"image/jpeg"
45,"http://www.openbsd.org/goals.html",200,140,0.08790,0,"text/html"
46,"http://www.openbsd.org/plat.html",200,139,0.07845,0,"text/html"
47,"http://www.openbsd.org/security.html",200,143,0.16599,0,"text/html"
48,"http://www.openbsd.org/crypto.html",200,141,0.35528,0,"text/html"
49,"http://www.openbsd.org/events.html",200,141,0.56070,0,"text/html"
50,"http://www.openbsd.org/papers/",200,137,0.18956,0,"text/html"
51,"http://www.openbsd.org/press.html",200,140,0.46281,0,"text/html"
52,"http://www.openbsd.org/orders.html",200,141,0.12254,0,"text/html"
53,"http://www.openbsd.org/ftp.html",200,138,0.16428,0,"text/html"
54,"http://www.openbsd.org/anoncvs.html",200,142,0.10647,0,"text/html"
55,"http://www.openbsd.org/cvsync.html",200,141,0.09138,0,"text/html"
56,"http://cvsweb.openbsd.org/cgi-bin/cvsweb/",200,281,0.39229,1,"text/html"
57,"http://www.openbsd.org/plus.html",200,139,0.12224,0,"text/html"
58,"http://www.openbsd.org/faq/index.html",200,144,0.14365,0,"text/html"
59,"http://www.openbsd.org/cgi-bin/man.cgi",200,145,0.10507,0,"text/html; charset=utf-8"
60,"http://www.openbsd.org/errata57.html",200,143,0.08710,0,"text/html"
61,"http://www.openbsd.org/report.html",200,141,0.12482,0,"text/html"
62,"http://www.openbsd.org/mail.html",200,139,0.15322,0,"text/html"
63,"http://www.openbsd.org/lyrics.html",200,141,0.22850,0,"text/html"
64,"http://www.openbsd.org/support.html",200,142,0.83682,0,"text/html"
65,"http://www.openbsd.org/donations.html",200,144,0.35648,0,"text/html"
66,"http://www.openbsdfoundation.org/",200,140,1.70102,0,"text/html"
67,"http://www.openbsd.org/art1.html",200,139,0.07016,0,"text/html"
68,"http://www.openssh.com/",200,130,1.75264,0,"text/html"
69,"http://www.openbsd.org/57.html",200,137,0.21235,0,"text/html"
70,"http://www.openbsd.org/58.html",200,137,0.37638,0,"text/html"
71,"http://www.openbsd.org/hackathons.html",200,145,0.14417,0,"text/html"
72,"http://www.openbsdfoundation.org/",200,140,0.08907,0,"text/html"
73,"http://www.openbsd.org/policy.html",200,141,0.10135,0,"text/html"
74,"http://www.openbgpd.org/",200,131,1.89215,0,"text/html"
75,"http://www.openntpd.org/",200,131,0.50860,0,"text/html"
76,"https://www.opensmtpd.org/",200,264,1.24808,1,"text/html"
77,"http://www.openiked.org/",200,131,0.30689,0,"text/html; charset=utf-8"
78,"http://mdocml.bsd.lv/",200,128,0.60874,0,"text/html"
79,"http://www.libressl.org/",200,131,0.54302,0,"text/html"
80,"http://openbsd.md5.com.ar/",200,133,0.74334,0,"text/html"
81,"http://www.openbsd.org/",200,130,0.21554,0,"text/html"
82,"http://openbsd.comstyle.com/",200,135,0.62379,0,"text/html"
83,"http://www.openbsd.dk/",200,129,0.88519,0,"text/html"
84,"http://www.openbsd.org.my/",200,133,1.27267,0,"text/html"
85,"http://openbsd.aise.re/",200,130,1.41721,0,"text/html"
86,"http://www.obsd.si/",200,126,0.92853,0,"text/html"
87,"http://www.openbsd.org/images/rack2009.jpg",200,149,27.59227,0,"image/jpeg"
88,"http://www.redhat.com//en",200,132,0.08108,0,"text/html; charset=utf-8"
89,"http://www.redhat.com/en",200,260,0.16074,1,"text/html; charset=utf-8"
90,"http://www.redhat.com//en",200,132,0.10379,0,"text/html; charset=utf-8"
91,"http://www.redhat.com/en",200,260,0.11538,1,"text/html; charset=utf-8"
92,"http://www.redhat.com//en",200,132,0.09840,0,"text/html; charset=utf-8"
93,"http://www.redhat.com/en",200,260,0.14247,1,"text/html; charset=utf-8"
94,"http://www.redhat.com//en",200,132,0.09652,0,"text/html; charset=utf-8"
95,"http://www.redhat.com/en",200,260,0.10266,1,"text/html; charset=utf-8"
96,"http://www.redhat.com//en",200,132,0.09964,0,"text/html; charset=utf-8"
97,"http://www.redhat.com/en",200,260,0.14333,1,"text/html; charset=utf-8"
98,"http://www.debian.org/",200,129,0.11200,0,"text/html"
99,"http://www.debian.org/",200,129,0.09936,0,"text/html"
100,"http://www.debian.org/intro/about",200,140,0.18880,0,"text/html"
101,"http://www.debian.org/distrib/",200,137,0.10061,0,"text/html"
102,"http://www.debian.org/support",200,136,0.10063,0,"text/html"
103,"http://www.debian.org/devel/",200,135,0.09566,0,"text/html"
104,"http://www.debian.org/",200,129,0.10611,0,"text/html"
105,"http://www.debian.org/",200,129,0.10300,0,"text/html"
106,"http://www.debian.org/intro/about",200,140,0.11778,0,"text/html"
107,"http://www.debian.org/distrib/",200,137,0.09667,0,"text/html"
108,"http://www.debian.org/support",200,136,0.11209,0,"text/html"
109,"http://www.debian.org/devel/",200,135,0.10414,0,"text/html"
110,"http://www.debian.org/",200,129,0.10070,0,"text/html"
111,"http://www.debian.org/",200,129,0.09283,0,"text/html"
112,"http://www.debian.org/intro/about",200,140,0.11279,0,"text/html"
113,"http://www.debian.org/distrib/",200,137,0.09279,0,"text/html"
114,"http://www.debian.org/support",200,136,0.09300,0,"text/html"
115,"http://www.debian.org/devel/",200,135,0.09309,0,"text/html"
116,"https://www.debian.org/",200,129,1.12373,0,"text/html"
117,"http://www.debian.org/intro/free",200,139,0.18066,0,"text/html"
118,"http://www.debian.org/distrib/packages",200,145,0.08972,0,"text/html"
119,"http://www.debian.org/social_contract",200,144,0.10251,0,"text/html"
120,"http://www.debian.org/code_of_conduct",200,144,0.09132,0,"text/html"
121,"http://www.debian.org/intro/free",200,139,0.09160,0,"text/html"
122,"http://www.debian.org/partners/",200,138,0.09387,0,"text/html"
123,"http://www.debian.org/donations",200,138,0.09232,0,"text/html"
124,"http://www.debian.org/contact",200,136,0.09253,0,"text/html"
125,"http://www.debian.org/intro/help",200,139,0.10136,0,"text/html"
126,"http://www.debian.org/distrib/netinst",200,144,0.10650,0,"text/html"
127,"http://www.debian.org/CD/",200,132,0.09421,0,"text/html"
128,"http://www.debian.org/CD/vendors/",200,140,0.11070,0,"text/html"
129,"http://www.debian.org/distrib/pre-installed",200,150,0.10356,0,"text/html"
130,"http://www.debian.org/News/",200,134,0.09498,0,"text/html"
131,"http://www.debian.org/News/weekly/",200,141,0.09283,0,"text/html"
132,"http://www.debian.org/events/",200,136,0.09154,0,"text/html"
133,"http://www.debian.org/doc/",200,133,0.09484,0,"text/html"
134,"http://www.debian.org/releases/",200,138,0.10874,0,"text/html"
135,"http://www.debian.org/releases/stable/installmanual",200,158,0.09236,0,"text/html"
136,"http://www.debian.org/doc/books",200,138,0.09913,0,"text/html"
137,"https://wiki.debian.org/",200,130,0.92685,0,"text/html; charset=utf-8"
138,"http://www.debian.org/international/",200,143,0.18422,0,"text/html"
139,"http://www.debian.org/security/",200,138,0.09718,0,"text/html"
140,"http://www.debian.org/Bugs/",200,134,0.09641,0,"text/html"
141,"http://www.debian.org/MailingLists/",200,142,0.10576,0,"text/html"
142,"https://lists.debian.org/",200,131,0.72012,0,"text/html"
143,"http://www.debian.org/ports/",200,135,0.19173,0,"text/html"
144,"http://www.debian.org/misc/",200,134,0.09918,0,"text/html"
145,"http://www.debian.org/sitemap",200,136,0.26670,0,"text/html"
146,"https://search.debian.org/",200,132,0.77435,0,"text/html; charset=utf-8"
147,"https://bits.debian.org/",200,130,0.62664,0,"text/html"
148,"http://identi.ca/debian",0,130,0.06569,0,""
149,"http://planet.debian.org/",200,132,0.42839,0,"text/html; charset=utf-8"
150,"http://www.debian.org/releases/stable/",200,145,0.20590,0,"text/html"
151,"http://www.debian.org/releases/",200,138,0.17301,0,"text/html"
152,"http://www.debian.org/releases/stable/installmanual",200,158,0.18840,0,"text/html"
153,"http://www.debian.org/releases/stable/releasenotes",200,157,0.09361,0,"text/html"
154,"http://www.debian.org/support",200,136,0.11085,0,"text/html"
155,"http://www.debian.org/international/",200,143,0.09555,0,"text/html"
156,"http://www.debian.org/ports/",200,135,0.09092,0,"text/html"
157,"http://www.debian.org/News/news",200,138,0.09225,0,"application/rss+xml"
158,"http://www.debian.org/News/2015/20150905",200,147,0.10629,0,"text/html"
159,"http://www.debian.org/News/2015/2015090502",200,149,0.09895,0,"text/html"
160,"http://www.debian.org/News/2015/20150817",200,147,0.09678,0,"text/html"
161,"http://www.debian.org/News/2015/20150805",200,147,0.09092,0,"text/html"
162,"http://www.debian.org/News/2015/20150606",200,147,0.10196,0,"text/html"
163,"http://www.debian.org/News/2015/20150426",200,147,0.11715,0,"text/html"
164,"http://www.debian.org/MailingLists/debian-announce",200,157,0.09760,0,"text/html"
165,"http://www.debian.org/security/dsa",200,141,0.10293,0,"application/rss+xml"
166,"http://www.debian.org/security/2015/dsa-3355",200,151,0.09778,0,"text/html"
167,"http://www.debian.org/security/2015/dsa-3354",200,151,0.10057,0,"text/html"
168,"http://www.debian.org/security/2015/dsa-3353",200,151,0.09085,0,"text/html"
169,"http://www.debian.org/security/2015/dsa-3352",200,151,0.09000,0,"text/html"
170,"http://www.debian.org/security/2015/dsa-3351",200,151,0.08931,0,"text/html"
171,"http://www.debian.org/security/2015/dsa-3350",200,151,0.08938,0,"text/html"
172,"http://www.debian.org/security/2015/dsa-3349",200,151,0.10031,0,"text/html"
173,"http://www.debian.org/security/2015/dsa-3348",200,151,0.09206,0,"text/html"
174,"http://www.debian.org/security/2015/dsa-3347",200,151,0.11044,0,"text/html"
175,"http://www.debian.org/security/2015/dsa-3346",200,151,0.09030,0,"text/html"
176,"http://www.debian.org/security/2015/dsa-3345",200,151,0.09078,0,"text/html"
177,"https://lists.debian.org/debian-security-announce/",200,156,0.60374,0,"text/html"
178,"http://www.debian.org/index.ar.html",200,142,0.20512,0,"text/html"
179,"http://www.debian.org/index.bg.html",200,142,0.09119,0,"text/html"
180,"http://www.debian.org/index.ca.html",200,142,0.09793,0,"text/html"
181,"http://www.debian.org/index.cs.html",200,142,0.08973,0,"text/html"
182,"http://www.debian.org/index.da.html",200,142,0.09862,0,"text/html"
183,"http://www.debian.org/index.de.html",200,142,0.09698,0,"text/html"
184,"http://www.debian.org/index.el.html",200,142,0.09724,0,"text/html"
185,"http://www.debian.org/index.es.html",200,142,0.09630,0,"text/html"
186,"http://www.debian.org/index.eo.html",200,142,0.09704,0,"text/html"
187,"http://www.debian.org/index.fa.html",200,142,0.09419,0,"text/html"
188,"http://www.debian.org/index.fr.html",200,142,0.09279,0,"text/html"
189,"http://www.debian.org/index.gl.html",200,142,0.08997,0,"text/html"
190,"http://www.debian.org/index.ko.html",200,142,0.09663,0,"text/html"
191,"http://www.debian.org/index.hy.html",200,142,0.09038,0,"text/html"
192,"http://www.debian.org/index.hr.html",200,142,0.10408,0,"text/html"
193,"http://www.debian.org/index.id.html",200,142,0.09594,0,"text/html"
194,"http://www.debian.org/index.it.html",200,142,0.09950,0,"text/html"
195,"http://www.debian.org/index.he.html",200,142,0.10824,0,"text/html"
196,"http://www.debian.org/index.lt.html",200,142,0.09642,0,"text/html"
197,"http://www.debian.org/index.hu.html",200,142,0.10342,0,"text/html"
198,"http://www.debian.org/index.nl.html",200,142,0.08878,0,"text/html"
199,"http://www.debian.org/index.ja.html",200,142,0.09949,0,"text/html"
200,"http://www.debian.org/index.nb.html",200,142,0.09084,0,"text/html"
201,"http://www.debian.org/index.pl.html",200,142,0.08976,0,"text/html"
202,"http://www.debian.org/index.pt.html",200,142,0.09851,0,"text/html"
203,"http://www.debian.org/index.ro.html",200,142,0.09120,0,"text/html"
204,"http://www.debian.org/index.ru.html",200,142,0.10559,0,"text/html"
205,"http://www.debian.org/index.sk.html",200,142,0.10068,0,"text/html"
206,"http://www.debian.org/index.fi.html",200,142,0.09074,0,"text/html"
207,"http://www.debian.org/index.sv.html",200,142,0.09082,0,"text/html"
208,"http://www.debian.org/index.ta.html",200,142,0.09398,0,"text/html"
209,"http://www.debian.org/index.vi.html",200,142,0.09767,0,"text/html"
210,"http://www.debian.org/index.tr.html",200,142,0.09433,0,"text/html"
211,"http://www.debian.org/index.uk.html",200,142,0.09896,0,"text/html"
212,"http://www.debian.org/index.zh-cn.html",200,145,0.09503,0,"text/html"
213,"http://www.debian.org/index.zh-hk.html",200,145,0.11244,0,"text/html"
214,"http://www.debian.org/index.zh-tw.html",200,145,0.09673,0,"text/html"
215,"http://www.debian.org/intro/cn",200,137,0.10211,0,"text/html"
216,"https://lists.debian.org/",200,309,0.87961,1,"text/html"
217,"http://www.debian.org/devel/website/using_cvs",200,152,0.18465,0,"text/html"
218,"http://www.spi-inc.org/",200,130,0.55123,0,"text/html"
219,"http://www.debian.org/license",200,136,0.17503,0,"text/html"
220,"http://www.debian.org/trademark",200,138,0.28264,0,"text/html"
221,"https://www.microsoft.com/en-us/",200,338,0.84222,1,"text/html"
222,"http://www.microsoft.com/javascript:void(0)",404,184,0.13066,0,"text/html"
223,"http://www.microsoftstore.com/store/msusa/en_US/home",200,159,0.36091,0,"text/html;charset=UTF-8"
224,"http://www.microsoftstore.com/store/msusa/en_US/cat/All-Surface/categoryID.69403400?icid=L_navAB_Devices_Surface",200,251,0.17134,0,"text/html;charset=UTF-8"
225,"http://www.microsoftstore.com/store/msusa/en_US/cat/All-PCs-tablets/categoryID.69404700?icid=C_navAB_Devices_PCsAndTablets",200,261,0.16690,0,"text/html;charset=UTF-8"
226,"http://www.microsoftstore.com/store/msusa/en_US/cat/categoryID.69405400?icid=L_navAB_Devices_Xbox",200,236,0.15476,0,"text/html;charset=UTF-8"
227,"http://www.microsoftstore.com/store/msusa/en_US/cat/All-Windows-Phone/categoryID.69406200?icid=L_navAB_Devices_WindowsPhone",200,262,0.19630,0,"text/html;charset=UTF-8"
228,"http://www.microsoftstore.com/store/msusa/en_US/cat/Wearables/categoryID.67937000?icid=L_navAB_Devices_Wearables",200,251,0.14287,0,"text/html;charset=UTF-8"
229,"http://www.microsoftstore.com/store/msusa/en_US/cat/All-accessories/categoryID.69407900?icid=L_navAB_Devices_Accessories",200,259,0.11969,0,"text/html;charset=UTF-8"
230,"http://www.microsoftstore.com/store/msusa/en_US/cat/All-Office/categoryID.69403900?icid=L_navAB_Store_Software_Office",200,256,0.22282,0,"text/html;charset=UTF-8"
231,"http://www.microsoftstore.com/store/msusa/en_US/cat/Windows/categoryID.70036700",200,937,0.22343,1,"text/html;charset=UTF-8"
232,"http://www.microsoftstore.com/store/msusa/en_US/cat/All-additional-software/categoryID.69407400?icid=L_navAB_Software_AdditionalSoftware",200,736,0.16066,0,"text/html;charset=UTF-8"
233,"https://www.microsoft.com/en-us/store/apps",200,182,0.34520,0,"text/html; charset=utf-8"
234,"https://www.microsoft.com/en-us/store/apps/windows",200,932,0.36133,0,"text/html; charset=utf-8"
235,"https://www.microsoft.com/en-us/store/apps/windows-phone",200,938,0.40445,0,"text/html; charset=utf-8"
236,"http://www.xbox.com/en-US/entertainment/xbox-one/live-apps",200,165,0.38002,0,"text/html; charset=utf-8"
237,"https://www.microsoft.com/en-us/store/games",200,925,0.28384,0,"text/html; charset=utf-8"
238,"https://www.microsoft.com/en-us/store/games/windows",200,933,0.32287,0,"text/html; charset=utf-8"
239,"https://www.microsoft.com/en-us/store/games/windows-phone",200,939,0.47084,0,"text/html; charset=utf-8"
240,"http://www.microsoft.com/http://www.xbox.com/en-US/games/xbox-one?xr=shellnav ",404,219,0.14862,0,"text/html"
241,"http://www.microsoft.com/http://www.xbox.com/en-US/games/xbox-360?xr=shellnav ",404,219,0.15044,0,"text/html"
242,"http://www.microsoft.com/http://www.microsoftstore.com/store/msusa/en_US/list/PC-games/categoryID.62685800 ",404,248,0.11106,0,"text/html"
243,"https://www.microsoft.com/en-us/store/entertainment",200,933,0.99480,0,"text/html; charset=utf-8"
244,"https://www.microsoft.com/en-us/store/movies-and-tv",200,933,0.89040,0,"text/html; charset=utf-8"
245,"https://www.microsoft.com/en-us/store/music",200,925,0.58624,0,"text/html; charset=utf-8"
246,"http://www.microsoft.com/en-us/store/locations/find-a-store?icid=L_navAB_FindAStore",200,224,0.95267,0,"text/html"
247,"http://www.microsoft.com///www.microsoft.com/en-us/windows",404,199,0.48165,0,"text/html; charset=utf-8"
248,"https://products.office.com/en-us/home",200,144,0.64006,0,"text/html"
249,"https://www.microsoft.com/en-us/download",200,1857,2.24082,1,"text/html"
250,"http://www.microsoft.com/en-us/windows",200,934,0.86289,4,"text/html"
251,"http://www.skype.com/en/",200,131,0.26056,0,"text/html; charset=utf-8"
252,"http://www.onenote.com/",200,130,0.24729,0,"text/html; charset=utf-8"
253,"https://onedrive.live.com/about/en-us/",200,144,0.33934,0,"text/html; charset=utf-8"
254,"http://www.microsoft.com/microsoft-health/en-us",200,280,0.38565,0,"text/html; charset=utf-8"
255,"http://www.msn.com/",200,126,0.49845,0,"text/html; charset=utf-8"
256,"http://www.bing.com/",200,127,0.16979,0,"text/html; charset=utf-8"
257,"https://www.microsoft.com/en-us/groove",200,1048,0.22559,0,"text/html; charset=utf-8"
258,"https://www.microsoft.com/en-us/movies-and-tv",200,1055,0.46892,0,"text/html; charset=utf-8"
259,"http://www.microsoft.com/surface/en-us",200,332,0.35839,0,"text/html; charset=utf-8"
260,"http://www.microsoftstore.com/store/msusa/en_US/cat/categoryID.69404700",200,1352,0.39659,1,"text/html;charset=UTF-8"
261,"https://www.microsoft.com/hardware/en-us",200,1694,0.35832,0,"text/html; charset=utf-8"
262,"http://www.xbox.com:80/en-US/",200,260,0.44085,1,"text/html; charset=utf-8"
263,"http://www.microsoft.com/Microsoft-Band/en-us",200,339,0.44622,0,"text/html; charset=utf-8"
264,"http://www.microsoft.com/en-us/mobile/phones/",200,339,0.31581,0,"text/html;charset=UTF-8"
265,"http://www.microsoft.com/en-us/windows/phones",200,500,1.39700,1,"text/html"
266,"http://www.microsoft.com/microsoft-hololens/en-us",200,357,0.32437,0,"text/html; charset=utf-8"
267,"http://www.microsoft.com/en-us/server-cloud/",200,352,1.18286,0,"text/html; charset=utf-8"
268,"http://azure.microsoft.com/en-us/",200,420,0.63462,1,"text/html; charset=utf-8"
269,"http://www.microsoft.com/en-us/dynamics/default.aspx",200,360,0.45458,0,"text/html"
270,"http://www.microsoft.com/en-us/WindowsForBusiness/default.aspx",200,738,0.88765,1,"text/html"
271,"https://products.office.com/en-us/business/office",200,378,0.56299,1,"text/html"
272,"https://products.office.com/en-us/skype-for-business",200,384,0.42493,1,"text/html"
273,"http://www.microsoft.com/surface/en-us/business/overview",200,364,0.54970,0,"text/html; charset=utf-8"
274,"http://www.microsoft.com/enterprise/default.aspx",200,1043,2.29056,2,"text/html; charset=utf-8"
275,"http://www.microsoft.com/en-us/business/",200,348,2.23497,0,"text/html; charset=utf-8"
276,"https://pinpoint.microsoft.com/en-us/",200,1857,0.60502,1,"text/html; charset=utf-8"
277,"https://dev.windows.com/en-us",200,135,0.31856,0,"text/html; charset=utf-8"
278,"https://msdn.microsoft.com/en-us/",200,1088,0.89998,1,"text/html; charset=utf-8"
279,"https://technet.microsoft.com/en-us/",200,1094,1.20693,1,"text/html; charset=utf-8"
280,"https://www.visualstudio.com/",200,270,0.82058,1,"text/html; charset=utf-8"
281,"http://www.microsoft.com/en-us/education/products/office/default.aspx",200,377,0.56902,0,"text/html"
282,"http://www.microsoft.com/en-us/education/products/onenote/default.aspx",200,378,0.52315,0,"text/html"
283,"http://www.microsoftstore.com/store/msusa/en_US/edu",200,651,0.47148,0,"text/html;charset=UTF-8"
284,"http://www.microsoft.com/en-us/education/default.aspx",200,1058,1.91652,2,"text/html"
285,"http://www.microsoft.com/en-us/explore",200,346,0.48039,0,"text/html; charset=utf-8"
286,"http://www.microsoft.com/en-us/explore",200,424,0.39498,0,"text/html; charset=utf-8"
287,"http://www.microsoft.com/en-us/explore",200,424,0.41737,0,"text/html; charset=utf-8"
288,"http://www.microsoft.com/en-us/explore",200,424,0.42225,0,"text/html; charset=utf-8"
289,"http://www.microsoft.com/en-us/explore",200,424,0.38606,0,"text/html; charset=utf-8"
290,"http://www.microsoft.com/en-us/explore",200,424,0.35633,0,"text/html; charset=utf-8"
291,"http://www.microsoft.com/http://windows.microsoft.com/en-us/windows/support ",404,462,0.13624,0,"text/html"
292,"http://www.microsoft.com/http://www.microsoftstore.com/store/msusa/en_US/DisplayHelpContactUsPage/ ",404,485,0.13929,0,"text/html"
293,"http://www.microsoft.com/https://support.microsoft.com/ContactUs/TechnicalSupport?wa=wsignin1.0",404,481,0.14958,0,"text/html"
294,"http://www.microsoft.com/http://windows.microsoft.com/en-us/windows/tutorial ",404,463,0.13691,0,"text/html"
295,"http://www.microsoft.com/http://windows.microsoft.com/en-us/windows/install-upgrade-activate-help ",404,484,0.15423,0,"text/html"
296,"http://www.microsoft.com/http://windows.microsoft.com/en-us/windows/search-touch-mouse-help ",404,478,0.15743,0,"text/html"
297,"http://www.microsoft.com/http://windows.microsoft.com/en-us/windows/personalization-accessibility-help ",404,489,0.14077,0,"text/html"
298,"http://windows.microsoft.com/en-us/windows/security-privacy-accounts-help",200,214,0.50818,0,"text/html; charset=utf-8"
299,"http://www.microsoft.com/http://windows.microsoft.com/en-us/windows/apps-windows-store-help ",404,478,0.15896,0,"text/html"
300,"http://www.microsoft.com/http://windows.microsoft.com/en-us/windows/email-communication-help ",404,479,0.13734,0,"text/html"
301,"http://www.microsoft.com/http://windows.microsoft.com/en-us/windows/music-photos-video-help ",404,478,0.15150,0,"text/html"
302,"http://www.microsoft.com/http://windows.microsoft.com/en-us/windows/files-folders-storage-help ",404,481,0.13597,0,"text/html"
303,"http://www.microsoft.com/http://windows.microsoft.com/en-us/windows/repair-recovery-help ",404,475,0.15026,0,"text/html"
304,"http://www.microsoft.com/http://windows.microsoft.com/en-us/windows/devices-drivers-help ",404,475,0.13630,0,"text/html"
305,"https://support.office.com/en-us",200,172,1.05914,0,"text/html; charset=utf-8"
306,"http://www.microsoft.com/https://support.microsoft.com/ContactUs/TechnicalSupport?wa=wsignin1.0",404,481,0.03850,0,"text/html"
307,"http://www.microsoft.com/https://support.office.com/en-us/Article/Office-2013-Quick-Start-Guides-4a8aa04a-f7f3-4a4d-823c-3dbc4b8672a1?WT.mc_id=OAN_ONESTORE-hplink-GS2013 ",404,556,0.14905,0,"text/html"
308,"https://products.office.com/en-us/choose-valid-billing-market",200,416,0.73496,1,"text/html"
309,"https://support.office.com/en-us/Article/What-s-new-in-Word-2013-3a9a927f-73ad-4ac5-910b-dfb12052d063",200,255,0.92026,0,"text/html; charset=utf-8"
310,"https://support.office.com/en-us/article/What-s-new-in-Outlook-2013-325ffe56-7b07-4ee7-8e64-b38bbbe4731c?WT.mc_id=OAN_MSCOM-hplink-Ohelp&ui=en-US&rs=en-US&ad=US",200,627,1.02833,1,"text/html; charset=utf-8"
311,"https://support.office.com/en-us/Article/What-s-new-in-Excel-2013-1cbc42cd-bfaf-43d7-9031-5688ef1392fd",200,256,0.76571,0,"text/html; charset=utf-8"
312,"https://support.office.com/en-us/Article/What-s-new-in-PowerPoint-2013-1c38822e-0284-4acb-8099-23dc6f3207c5",200,261,1.27297,0,"text/html; charset=utf-8"
313,"https://support.office.com/en-us/Article/What-s-new-in-OneNote-2013-3e8da086-65a8-4972-b6b9-50879b3ce37e",200,258,0.68903,0,"text/html; charset=utf-8"
314,"https://support.office.com/en-us/Article/What-s-new-in-Access-2013-0ab58e93-e020-4a9f-af6a-8ddb0c84455f",200,257,0.68158,0,"text/html; charset=utf-8"
315,"https://support.office.com/en-us/Article/What-s-new-in-Publisher-2013-8a665c00-8497-4f17-8e2a-8fca3da92683",200,260,0.72024,0,"text/html; charset=utf-8"
316,"http://www.microsoft.com/http://www.microsoft.com/Surface/en-us/support/ ",404,459,0.14107,0,"text/html"
317,"http://www.microsoft.com/http://www.microsoft.com/surface/en-us/support/contact-us/ ",404,470,0.15779,0,"text/html"
318,"http://www.microsoft.com/http://www.microsoft.com/surface/en-us/support/browse/surface-pro-3?category=getting-started ",404,504,0.13546,0,"text/html"
319,"http://www.microsoft.com/http://www.microsoft.com/surface/en-us/support/browse/surface-2?category=getting-started ",404,500,0.14931,0,"text/html"
320,"http://www.microsoft.com/http://www.microsoft.com/surface/en-us/support/browse/surface-pro-2?category=getting-started ",404,504,0.16997,0,"text/html"
321,"http://www.microsoft.com/http://www.microsoft.com/surface/en-us/support/browse/surface-windows-8-pro?category=getting-started ",404,512,0.14138,0,"text/html"
322,"http://www.microsoft.com/http://www.microsoft.com/surface/en-us/support/browse/surface-with-windows-rt?category=getting-started ",404,514,0.15242,0,"text/html"
323,"http://www.microsoft.com/http://www.microsoft.com/surface/en-us/support/browse/covers-and-keyboard?category=touch ",404,500,0.14071,0,"text/html"
324,"http://www.microsoft.com/http://www.microsoft.com/surface/en-us/support/browse/accessories?category=adapters ",404,495,0.13316,0,"text/html"
325,"http://www.microsoft.com/http://support.xbox.com/en-us/ ",404,442,0.14674,0,"text/html"
326,"http://www.microsoft.com/http://support.xbox.com/en-us/contact-us ",404,452,0.13565,0,"text/html"
327,"http://www.microsoft.com/http://support.xbox.com/browse/xbox-one ",404,451,0.14575,0,"text/html"
328,"http://www.microsoft.com/http://support.xbox.com/browse/xbox-360 ",404,451,0.14171,0,"text/html"
329,"http://support.xbox.com/en-US/browse/xbox-on-windows",200,159,1.59261,0,"text/html; charset=utf-8"
330,"http://www.microsoft.com/http://support.xbox.com/browse/billing ",404,450,0.13353,0,"text/html"
331,"http://www.microsoft.com/http://support.xbox.com/browse/my-account ",404,453,0.14919,0,"text/html"
332,"http://www.microsoft.com/http://support.xbox.com/browse/xbox-on-other-devices ",404,464,0.13799,0,"text/html"
333,"http://www.microsoft.com/http://support.xbox.com/error-code-lookup ",404,453,0.14765,0,"text/html"
334,"http://www.microsoft.com/http://myservice.xbox.com/ ",404,438,0.14351,0,"text/html"
335,"http://www.microsoft.com/http://www.windowsphone.com/en-us/how-to/wp8 ",404,456,0.14801,0,"text/html"
336,"http://www.microsoft.com/http://www.windowsphone.com/en-us/How-to/wp-support ",404,463,0.21176,0,"text/html"
337,"http://www.microsoft.com/http://www.windowsphone.com/en-us/how-to/wp8/basics/get-started-with-windows-phone ",404,494,0.15087,0,"text/html"
338,"http://www.microsoft.com/http://www.microsoft.com/en-us/mobile/support/ ",404,458,0.16469,0,"text/html"
339,"http://www.microsoft.com/http://www.windowsphone.com/en-us/how-to/wp8/accounts-and-billing/ ",404,478,0.14731,0,"text/html"
340,"http://www.microsoft.com/http://www.windowsphone.com/en-US/how-to/wp8/apps/get-apps-from-windows-phone-store ",404,495,0.13849,0,"text/html"
341,"http://www.microsoft.com/http://www.windowsphone.com/en-us/how-to/wp8/calling-and-messaging/make-and-receive-phone-calls ",404,507,0.14556,0,"text/html"
342,"http://www.microsoft.com/http://www.windowsphone.com/en-us/how-to/wp8/connectivity/ ",404,470,0.13685,0,"text/html"
343,"http://www.microsoft.com/http://www.windowsphone.com/en-us/how-to/wp8/cortana/ ",404,465,0.14958,0,"text/html"
344,"http://www.windowsphone.com/en-us/how-to/wp8/settings-and-personalization/accessibility-on-my-phone",200,206,0.15775,0,"text/html; charset=utf-8"
345,"http://www.microsoft.com/http://www.windowsphone.com/en-us/how-to/wp8/email-and-calendar/ ",404,476,0.14840,0,"text/html"
346,"http://www.microsoft.com/http://www.microsoft.com/en-us/account ",404,450,0.14737,0,"text/html"
347,"http://www.microsoft.com/http://www.windowsphone.com/en-us/how-to/wp8/music-and-videos/ ",404,474,0.14931,0,"text/html"
348,"http://www.microsoft.com/http://support.microsoft.com/ ",404,441,0.14091,0,"text/html"
349,"http://www.microsoft.com/http://www.microsoft.com/en-us/download/default.aspx ",400,464,0.12843,0,"text/html"
350,"http://www.microsoft.com/http://support.microsoft.com/contactus/?ws=support&SegNo=2 ",404,470,0.15357,0,"text/html"
351,"http://www.microsoft.com/http://answers.microsoft.com ",404,440,0.14096,0,"text/html"
352,"http://www.microsoft.com/http://www.microsoft.com/security/default.aspx ",400,458,0.12423,0,"text/html"
353,"http://www.microsoft.com/http://windows.microsoft.com/en-US/windows/products/security-essentials ",404,483,0.14255,0,"text/html"
354,"http://www.microsoft.com/http://windows.microsoft.com/en-us/windows/service-packs-download ",404,477,0.14880,0,"text/html"
355,"http://www.microsoft.com/http://www.microsoft.com/en-us/search/results.aspx?q=error%20messages ",400,481,0.13190,0,"text/html"
356,"http://www.microsoft.com/http://www.microsoft.com/hardware/en-us/downloads ",404,461,0.14638,0,"text/html"
357,"http://www.microsoft.com/http://www.microsoftstore.com/store/msusa/en_US/DisplayHelpPage/ ",404,476,0.14453,0,"text/html"
358,"http://www.microsoft.com/http://www.microsoftstore.com/store/msusa/en_US/DisplayHelpOrdersShippingPage ",404,489,0.13967,0,"text/html"
359,"http://www.microsoft.com/http://www.microsoftstore.com/store/msusa/en_US/DisplayHelpSoftwareDownloadsPage/ ",404,493,0.15601,0,"text/html"
360,"http://www.microsoft.com/http://www.microsoftstore.com/store/msusa/en_US/DisplayHelpReturnsRefundsPage ",404,489,0.16274,0,"text/html"
361,"http://www.microsoftstore.com/store/msusa/en_US/DisplayHelpTechnicalSupportPage",200,708,0.33129,0,"text/html;charset=UTF-8"
362,"http://www.microsoft.com/http://www.microsoftstore.com/store/msusa/en_US/DisplayHelpFAQPage/ ",404,479,0.26397,0,"text/html"
363,"http://www.microsoft.com/http://answerdesk.microsoftstore.com/msusa/en-us/answerdesk ",404,471,0.15161,0,"text/html"
364,"http://www.microsoft.com/http://content.microsoftstore.com/answerdesk ",404,456,0.14264,0,"text/html"
365,"http://www.microsoft.com/http://answerdesk.microsoftstore.com/ ",404,449,0.14893,0,"text/html"
366,"http://www.microsoft.com/http://support.microsoft.com/contactus/?ln=en-us ",404,460,0.13922,0,"text/html"
367,"https://www.microsoft.com/en-us/store/locations/find-a-store",200,1806,1.04592,0,"text/html"
368,"http://www.microsoft.com/http://support.microsoft.com/contactus/?ln=en-us&ws=support&SegNo=2 ",404,479,0.14865,0,"text/html"
369,"http://www.microsoft.com/http://support.microsoft.com/gp/customer-service-phone-numbers/en-us ",404,480,0.14035,0,"text/html"
370,"http://answers.microsoft.com/en-us?auth=1",200,3292,1.27008,5,"text/html; charset=utf-8"
371,"http://www.microsoft.com/https://support.microsoft.com/contactus/emailcontact.aspx?scid=sw;en;1310&ws=1prcen ",400,495,0.15256,0,"text/html"
372,"https://www.microsoftstore.com/store?Action=DisplayPage&Locale=en-us&SiteID=msusa&id=ThreePgCheckoutShoppingCartPage",200,744,0.61253,0,"text/html;charset=UTF-8"
373,"http://www.microsoft.com/surface/en-us/products/surface-pro-3?ocid=evergreen_MSCOM",200,468,0.48957,0,"text/html; charset=utf-8"
374,"http://www.microsoftstore.com/store/msusa/en_US/pdp/Surface-Pro-3/productID.300190600",200,774,0.35015,0,"text/html;charset=UTF-8"
375,"http://www.microsoft.com/EN-US/windows/windows-10-upgrade",200,443,0.65289,0,"text/html"
376,"http://www.microsoftstore.com/store/msusa/en_US/cat/All-PCs-tablets/categoryID.69404700",200,776,0.28810,0,"text/html;charset=UTF-8"
377,"https://sway.com/",200,123,0.26722,0,"text/html; charset=utf-8"
378,"http://www.microsoftstore.com/store/msusa/en_US/pdp/Xbox-One-Madden-NFL-16-Bundle/productID.319986000?icid=Campaign_NFL_FY16_MSCOMlink_toBrunnellPDP_150824",200,844,0.25451,0,"text/html;charset=UTF-8"
379,"http://www.microsoft.com/en-us/mobile/",200,424,0.23839,0,"text/html;charset=UTF-8"
380,"https://technet.microsoft.com/en-us/windows/dn798751.aspx",200,939,0.73731,0,"text/html; charset=utf-8"
381,"https://www.visualstudio.com/en-us/downloads/download-visual-studio-vs",200,305,2.18917,0,"text/html; charset=utf-8"
382,"http://azure.microsoft.com/en-us/services/virtual-machines/?WT.mc_id=homepage_banner_pluralsight_cta?CR_CC=200130384&WT.mc_id=OO_MSCOM_Programmable_Cloud_AzureITI_EN_US",200,387,0.91860,0,"text/html; charset=utf-8"
383,"http://www.microsoft.com/en-us/server-cloud/enterprise-mobility/overview.aspx?CR_CC=200130384&WT.mc_id=OO_MSCOM_Programmable_Cloud_W10EMS_EN_US",200,529,1.72079,0,"text/html; charset=utf-8"
384,"https://www.microsoft.com/en-us/store/apps/hulu-plus/9wzdncrfj3l1",200,1811,1.05412,0,"text/html; charset=utf-8"
385,"https://www.microsoft.com/en-us/store/apps/flipboard/9wzdncrfj32q",200,1811,0.52630,0,"text/html; charset=utf-8"
386,"https://www.microsoft.com/en-us/store/apps/netflix/9wzdncrfj3tj",200,1809,0.44038,0,"text/html; charset=utf-8"
387,"https://www.microsoft.com/en-us/store/apps/twitter/9wzdncrfj140",200,1809,0.52589,0,"text/html; charset=utf-8"
388,"https://www.microsoft.com/en-us/store/apps/candy-crush-saga/9nblggh18846",200,1818,0.54858,0,"text/html; charset=utf-8"
389,"http://www.microsoft.com/en-us/empowering/",200,1805,0.96111,5,"text/html"
390,"http://news.microsoft.com/stories/people/vidya-srinivasan.html",200,203,0.27677,0,"text/html"
391,"https://www.facebook.com/Microsoft",200,140,1.26400,0,"text/html"
392,"https://mobile.twitter.com/microsoft",200,319,0.97276,1,"text/html;charset=utf-8"
393,"http://www.microsoft.com/en-us/windows",200,1058,0.83808,3,"text/html"
394,"https://products.office.com/en-us/?WT.mc_id=OAN_en-us_MSCOM-Footer-ProductSite-Office",200,465,0.67464,1,"text/html"
395,"http://www.microsoft.com/surface/en-us",200,860,0.50958,1,"text/html; charset=utf-8"
396,"http://www.windowsphone.com/en-us",200,385,0.32924,1,"text/html; charset=utf-8"
397,"http://www.xbox.com:80/en-US/",200,260,0.48310,1,"text/html; charset=utf-8"
398,"http://www.skype.com/en/?cm_mmc=MSFT%7CTRAF_B1-_-mscom-hero-us",200,511,0.39414,2,"text/html; charset=utf-8"
399,"http://www.msn.com/?OCID=MicroHP",200,633,0.45178,0,"text/html; charset=utf-8"
400,"http://www.microsoftstore.com/store/msusa/en_US/home?WT.mc_id=MSCOM_HP_footer",200,1534,0.35856,1,"text/html;charset=UTF-8"
401,"http://www.microsoft.com/en-us/download",200,899,0.89306,1,"text/html"
402,"http://windows.microsoft.com/en-US/windows/downloads",200,237,0.43665,0,"text/html; charset=utf-8"
403,"http://windows.microsoft.com/en-us/windows/downloads",200,237,0.26063,0,"text/html; charset=utf-8"
404,"http://windows.microsoft.com/en-us/internet-explorer/download-ie",200,249,0.15178,0,"text/html; charset=utf-8"
405,"http://www.microsoft.com/en-us/download/office.aspx?WT.mc_id=OAN_en-us_MSCOM-Footer-Downloads-officeDownloads",200,513,1.11691,0,"text/html"
406,"http://windows.microsoft.com/en-us/windows/devices-drivers-help",200,248,0.25683,0,"text/html; charset=utf-8"
407,"http://www.microsoft.com/athome/community/rss.xml",200,583,0.33354,1,"text/xml"
408,"http://www.microsoft.com/atwork/community/rss.xml",200,615,0.16714,1,"text/xml"
409,"https://profile.microsoft.com/RegSysProfileCenter/default.aspx?lcid=1033",200,954,2.09980,0,"text/html; charset=utf-8"
410,"https://support.microsoft.com/en-us",200,2086,0.59125,2,"text/html; charset=utf-8"
411,"http://windows.microsoft.com:80/en-us/windows/security-essentials-download",200,548,0.34956,1,"text/html; charset=utf-8"
412,"http://windows.microsoft.com/en-us/windows/service-packs-download",200,268,0.19639,0,"text/html; charset=utf-8"
413,"http://windows.microsoft.com/en-us/windows/support",200,550,0.37875,1,"text/html; charset=utf-8"
414,"https://support.office.com/en-us/?WT.mc_id=OAN_en-us_MSCOM-Footer-Support-Office",200,454,1.33901,1,"text/html; charset=utf-8"
415,"http://www.microsoft.com/en-us/about",200,929,1.08897,1,"text/html"
416,"http://www.microsoft.com/en-us/account/default.aspx",200,474,0.66630,0,"text/html"
417,"https://careers.microsoft.com/",200,1547,1.16510,2,"text/html; charset=utf-8"
418,"http://news.microsoft.com/",200,724,0.37096,1,"text/html; charset=UTF-8"
419,"http://www.microsoft.com/investor/m/default.aspx",200,929,0.38318,1,"text/html; charset=utf-8"
420,"http://www.microsoft.com/en-us/sitemap.aspx",200,467,0.68623,0,"text/html"
421,"http://www.microsoft.com/enterprise/microsoftcloud/default.aspx?ocid=com_o_mscom_null_Hero_footer",200,1030,2.18148,1,"text/html; charset=utf-8"
422,"http://www.microsoft.com/en-us/windows/view-all",200,1189,1.79181,3,"text/html"
423,"http://www.windowsphone.com/en-us",200,195,0.27469,0,"text/html; charset=utf-8"
424,"https://www.microsoft.com/en-us/store/apps/windows-phone",200,3875,0.89783,2,"text/html; charset=utf-8"
425,"http://www.microsoft.com/security/default.aspx",200,470,0.37402,0,"text/html; charset=utf-8"
426,"http://www.windowsphone.com/en-us/how-to/wp8/apps/meet-cortana",503,224,5.12632,0,"text/html; charset=utf-8"
427,"http://www.microsoft.com/en-us/dynamics/crm.aspx",200,472,0.41278,0,"text/html"
428,"http://www.microsoft.com/en-us/windows/apps-and-games",200,1174,1.13653,3,"text/html"
429,"http://www.microsoft.com/en-us/locale.aspx",200,466,0.53260,0,"text/html"
430,"https://support.microsoft.com/en-us/contactus",200,2724,1.50947,3,"text/html; charset=utf-8"
431,"http://www.microsoft.com/en-us/privacystatement/default.aspx",200,829,0.60562,1,"text/html"
432,"http://www.microsoft.com/en-us/legal/intellectualproperty/copyright/default.aspx",200,849,0.98232,1,"text/html"
433,"http://www.microsoft.com/en-us/legal/intellectualproperty/trademarks/en-us.aspx",200,561,0.82470,0,"text/html"
434,"http://choice.microsoft.com/en-us",200,497,0.32215,1,"text/html; charset=utf-8"
